{
  "name": "Create zuora",
  "description": "",
  "version": 1,
  "private": true,
  "concurrency": 1,
  "code": {
    "number": 0,
    "provider": "clock",
    "name": "scheduled_event",
    "as": "3a90c5cf",
    "title": null,
    "description": "<span class=\"provider\">Trigger</span> every 250 minutes",
    "keyword": "trigger",
    "input": {
      "time_unit": "minutes",
      "trigger_every": "250"
    },
    "extended_input_schema": [
      {
        "control_type": "integer",
        "default": "5",
        "enforce_template_mode": true,
        "extends_schema": true,
        "hint": "Define repeating schedule. Enter whole numbers only.\n                        This field can be set to a minimum of 5 minutes.",
        "label": "Trigger every",
        "name": "trigger_every",
        "optional": false,
        "suffix": {
          "text": "minutes"
        },
        "type": "string"
      },
      {
        "control_type": "select",
        "hint": "Select the timezone to use. Leave it blank to use <b>{{authUser.timezone}}</b>",
        "label": "Timezone",
        "name": "timezone",
        "optional": true,
        "pick_list": "timezone_id_global_pick_list",
        "pick_list_connection_less": true,
        "type": "string"
      },
      {
        "control_type": "date_time",
        "enforce_template_mode": true,
        "extends_schema": true,
        "hint": "Set date and time to start or leave blank to start immediately. <b>Once recipe has been run or tested, value cannot be changed.</b>",
        "label": "Start after",
        "name": "start_after",
        "optional": true,
        "parse_output": "date_time_conversion",
        "since_field": true,
        "type": "date_time",
        "ignore_timezone": true,
        "render_input": "date_time_conversion"
      }
    ],
    "block": [
      {
        "number": 1,
        "provider": "ftps",
        "name": "get_file_content",
        "as": "ff9f2e96",
        "keyword": "action",
        "input": {
          "file_name": "/Harsha/input/zuora.json"
        },
        "uuid": "c8d9950e-7007-4fc6-bfac-e1808bf5f294"
      },
      {
        "number": 2,
        "provider": "json_parser",
        "name": "parse_json",
        "as": "da059ea5",
        "title": null,
        "description": null,
        "keyword": "action",
        "input": {
          "sample_document": "{\n       \"name\":\"\",\n       \"start_date\":\"\",\n       \"end_date\":\"\"\n}",
          "document": "#{_dp('{\"pill_type\":\"output\",\"provider\":\"ftps\",\"line\":\"ff9f2e96\",\"path\":[\"contents\"]}')}"
        },
        "extended_output_schema": [
          {
            "label": "Document",
            "name": "document",
            "properties": [
              {
                "control_type": "text",
                "label": "Name",
                "type": "string",
                "name": "name"
              },
              {
                "control_type": "text",
                "label": "Start date",
                "type": "string",
                "name": "start_date"
              },
              {
                "control_type": "text",
                "label": "End date",
                "type": "string",
                "name": "end_date"
              }
            ],
            "type": "object"
          }
        ],
        "extended_input_schema": [
          {
            "label": "Edit schema",
            "name": "edit_schema",
            "optional": true,
            "properties": [
              {
                "control_type": "multiselect",
                "label": "Override fields",
                "pick_list": [
                  [
                    "document > name",
                    "document__sep__name"
                  ],
                  [
                    "document > start_date",
                    "document__sep__start_date"
                  ],
                  [
                    "document > end_date",
                    "document__sep__end_date"
                  ]
                ],
                "optional": true,
                "extends_schema": true,
                "type": "string",
                "name": "override_fields_picklist"
              }
            ],
            "sticky": false,
            "type": "object"
          }
        ],
        "uuid": "b185e449-9ce6-4b90-af91-218827bedc0f"
      },
      {
        "number": 3,
        "provider": "zuora",
        "name": "create_record",
        "as": "c320c56d",
        "title": null,
        "description": "Create <span class=\"provider\">product</span> in <span class=\"provider\">Zuora</span>",
        "keyword": "action",
        "dynamicPickListSelection": {
          "object": "Product"
        },
        "input": {
          "object": "Product",
          "EffectiveEndDate": "#{_dp('{\"pill_type\":\"output\",\"provider\":\"json_parser\",\"line\":\"da059ea5\",\"path\":[\"document\",\"end_date\"]}')}",
          "EffectiveStartDate": "#{_dp('{\"pill_type\":\"output\",\"provider\":\"json_parser\",\"line\":\"da059ea5\",\"path\":[\"document\",\"start_date\"]}')}",
          "Name": "#{_dp('{\"pill_type\":\"output\",\"provider\":\"json_parser\",\"line\":\"da059ea5\",\"path\":[\"document\",\"name\"]}')}"
        },
        "extended_input_schema": [
          {
            "control_type": "date",
            "custom": false,
            "hint": "The date the product expires.",
            "label": "Effective End Date",
            "name": "EffectiveEndDate",
            "optional": false,
            "parse_output": "date_conversion",
            "type": "date_time",
            "render_input": "date_conversion"
          },
          {
            "control_type": "date",
            "custom": false,
            "hint": "The date the product becomes available.",
            "label": "Effective Start Date",
            "name": "EffectiveStartDate",
            "optional": false,
            "parse_output": "date_conversion",
            "type": "date_time",
            "render_input": "date_conversion"
          },
          {
            "control_type": "text",
            "custom": false,
            "hint": "The name of the product.",
            "label": "Name",
            "name": "Name",
            "optional": false,
            "type": "string"
          },
          {
            "control_type": "number",
            "custom": false,
            "hint": "Controls whether to allow your users to add or remove features while creating or amending a subscription.",
            "label": "AllowFeatureChanges",
            "name": "AllowFeatureChanges",
            "optional": true,
            "parse_output": "float_conversion",
            "type": "number"
          },
          {
            "control_type": "text",
            "custom": false,
            "hint": "Allowed values are: <b>Base Products</b>, <b>Add On Services</b> or <b>Miscellaneous Products</b>.",
            "label": "Category",
            "name": "Category",
            "optional": true,
            "type": "string"
          },
          {
            "control_type": "text",
            "custom": false,
            "hint": "A descriptionof the product.",
            "label": "Description",
            "name": "Description",
            "optional": true,
            "type": "string"
          },
          {
            "control_type": "text",
            "custom": false,
            "label": "Product Number",
            "name": "ProductNumber",
            "optional": true,
            "type": "string"
          },
          {
            "control_type": "text",
            "custom": false,
            "hint": "The unique SKU for the product.",
            "label": "SKU",
            "name": "SKU",
            "optional": true,
            "type": "string"
          }
        ],
        "uuid": "094b5641-a3ad-48e1-bae0-51c8db351453"
      },
      {
        "number": 4,
        "as": "0b10bc23",
        "keyword": "stop",
        "input": {
          "stop_with_error": "false"
        },
        "uuid": "379df80b-a2b3-405a-bd44-6493bd036014"
      }
    ],
    "uuid": "69d5a386-5a29-4d8b-9c3f-808972760f1d",
    "unfinished": false
  },
  "config": [
    {
      "keyword": "application",
      "provider": "clock",
      "skip_validation": false,
      "account_id": null
    },
    {
      "keyword": "application",
      "provider": "ftps",
      "skip_validation": false,
      "account_id": {
        "zip_name": "eaiesb/ftp/my_ftp_ftps_account.connection.json",
        "name": "My FTP/FTPS account",
        "folder": "eaiesb/ftp"
      }
    },
    {
      "keyword": "application",
      "provider": "json_parser",
      "skip_validation": false,
      "account_id": null
    },
    {
      "keyword": "application",
      "provider": "zuora",
      "skip_validation": false,
      "account_id": {
        "zip_name": "ZUORA/my_zuora_account.connection.json",
        "name": "My Zuora account",
        "folder": "ZUORA"
      }
    }
  ]
}