{
  "name": "search",
  "description": "",
  "version": 2,
  "private": true,
  "concurrency": 1,
  "code": {
    "number": 0,
    "provider": "clock",
    "name": "scheduled_event",
    "as": "48a85fc1",
    "title": null,
    "description": "<span class=\"provider\">Trigger</span> every 500 minutes",
    "keyword": "trigger",
    "input": {
      "time_unit": "minutes",
      "trigger_every": "500"
    },
    "extended_input_schema": [
      {
        "control_type": "integer",
        "default": "5",
        "enforce_template_mode": true,
        "extends_schema": true,
        "hint": "Define repeating schedule. Enter whole numbers only.\n                        This field can be set to a minimum of 5 minutes.",
        "label": "Trigger every",
        "name": "trigger_every",
        "optional": false,
        "suffix": {
          "text": "minutes"
        },
        "type": "string"
      },
      {
        "control_type": "select",
        "hint": "Select the timezone to use. Leave it blank to use <b>{{authUser.timezone}}</b>",
        "label": "Timezone",
        "name": "timezone",
        "optional": true,
        "pick_list": "timezone_id_global_pick_list",
        "pick_list_connection_less": true,
        "type": "string"
      },
      {
        "control_type": "date_time",
        "enforce_template_mode": true,
        "extends_schema": true,
        "hint": "Set date and time to start or leave blank to start immediately. <b>Once recipe has been run or tested, value cannot be changed.</b>",
        "label": "Start after",
        "name": "start_after",
        "optional": true,
        "parse_output": "date_time_conversion",
        "since_field": true,
        "type": "date_time",
        "ignore_timezone": true,
        "render_input": "date_time_conversion"
      }
    ],
    "block": [
      {
        "number": 1,
        "provider": "zuora",
        "name": "search_records",
        "as": "d06d4b1e",
        "title": null,
        "description": "Search <span class=\"provider\">products</span> in <span class=\"provider\">Zuora</span>",
        "keyword": "action",
        "dynamicPickListSelection": {
          "object": "Product",
          "output_fields": [
            {
              "label": "ID",
              "value": "Id"
            },
            {
              "label": "Name",
              "value": "Name"
            },
            {
              "label": "Effective Start Date",
              "value": "EffectiveStartDate"
            },
            {
              "label": "Effective End Date",
              "value": "EffectiveEndDate"
            }
          ]
        },
        "input": {
          "object": "Product",
          "output_fields": "Id,Name,EffectiveStartDate,EffectiveEndDate"
        },
        "extended_output_schema": [
          {
            "label": "Records",
            "name": "records",
            "of": "object",
            "optional": true,
            "properties": [
              {
                "control_type": "date",
                "label": "Effective End Date",
                "render_input": "date_conversion",
                "parse_output": "date_conversion",
                "custom": false,
                "hint": "The date the product expires.",
                "optional": true,
                "type": "date_time",
                "name": "EffectiveEndDate"
              },
              {
                "control_type": "date",
                "label": "Effective Start Date",
                "render_input": "date_conversion",
                "parse_output": "date_conversion",
                "custom": false,
                "hint": "The date the product becomes available.",
                "optional": true,
                "type": "date_time",
                "name": "EffectiveStartDate"
              },
              {
                "control_type": "text",
                "label": "ID",
                "custom": false,
                "hint": "Enter the <b>ID</b> of the product you want to update.",
                "optional": true,
                "type": "string",
                "name": "Id"
              },
              {
                "control_type": "text",
                "label": "Name",
                "custom": false,
                "hint": "The name of the product.",
                "optional": true,
                "type": "string",
                "name": "Name"
              },
              {
                "control_type": "date_time",
                "label": "Updated Date",
                "render_input": "date_time_conversion",
                "parse_output": "date_time_conversion",
                "custom": false,
                "optional": true,
                "type": "date_time",
                "name": "UpdatedDate"
              }
            ],
            "type": "array"
          }
        ],
        "extended_input_schema": [
          {
            "control_type": "multiselect",
            "delimiter": ",",
            "extends_schema": true,
            "hint": "Select the fields to return in your output response. By default all fields will be returned.",
            "label": "Output fields",
            "name": "output_fields",
            "optional": true,
            "pick_list": "get_fields_picklist",
            "pick_list_params": {
              "object": "object"
            },
            "sticky": true,
            "type": "string"
          },
          {
            "control_type": "number",
            "custom": false,
            "hint": "Controls whether to allow your users to add or remove features while creating or amending a subscription.",
            "label": "AllowFeatureChanges",
            "name": "AllowFeatureChanges",
            "optional": true,
            "parse_output": "float_conversion",
            "type": "number"
          },
          {
            "control_type": "text",
            "custom": false,
            "hint": "Allowed values are: <b>Base Products</b>, <b>Add On Services</b> or <b>Miscellaneous Products</b>.",
            "label": "Category",
            "name": "Category",
            "optional": true,
            "type": "string"
          },
          {
            "control_type": "text",
            "custom": false,
            "label": "Created By ID",
            "name": "CreatedById",
            "optional": true,
            "type": "string"
          },
          {
            "control_type": "date_time",
            "custom": false,
            "label": "Created Date",
            "name": "CreatedDate",
            "optional": true,
            "parse_output": "date_time_conversion",
            "type": "date_time",
            "render_input": "date_time_conversion"
          },
          {
            "control_type": "text",
            "custom": false,
            "hint": "A descriptionof the product.",
            "label": "Description",
            "name": "Description",
            "optional": true,
            "type": "string"
          },
          {
            "control_type": "date",
            "custom": false,
            "hint": "The date the product expires.",
            "label": "Effective End Date",
            "name": "EffectiveEndDate",
            "optional": true,
            "parse_output": "date_conversion",
            "type": "date_time",
            "render_input": "date_conversion"
          },
          {
            "control_type": "date",
            "custom": false,
            "hint": "The date the product becomes available.",
            "label": "Effective Start Date",
            "name": "EffectiveStartDate",
            "optional": true,
            "parse_output": "date_conversion",
            "type": "date_time",
            "render_input": "date_conversion"
          },
          {
            "control_type": "text",
            "custom": false,
            "hint": "Enter the <b>ID</b> of the product you want to update.",
            "label": "ID",
            "name": "Id",
            "optional": true,
            "type": "string"
          },
          {
            "control_type": "text",
            "custom": false,
            "hint": "The name of the product.",
            "label": "Name",
            "name": "Name",
            "optional": true,
            "type": "string"
          },
          {
            "control_type": "text",
            "custom": false,
            "label": "Product Number",
            "name": "ProductNumber",
            "optional": true,
            "type": "string"
          },
          {
            "control_type": "text",
            "custom": false,
            "hint": "The unique SKU for the product.",
            "label": "SKU",
            "name": "SKU",
            "optional": true,
            "type": "string"
          },
          {
            "control_type": "text",
            "custom": false,
            "label": "Updated By ID",
            "name": "UpdatedById",
            "optional": true,
            "type": "string"
          },
          {
            "control_type": "date_time",
            "custom": false,
            "label": "Updated Date",
            "name": "UpdatedDate",
            "optional": true,
            "parse_output": "date_time_conversion",
            "type": "date_time",
            "render_input": "date_time_conversion"
          }
        ],
        "uuid": "de3a7707-7ba4-4a92-84a1-85983bd5ff48"
      },
      {
        "number": 2,
        "provider": "ftps",
        "name": "upload",
        "as": "63088fcb",
        "title": null,
        "description": null,
        "keyword": "action",
        "toggleCfg": {
          "append": true
        },
        "input": {
          "filename": "/Harsha/output/zuora_product.json",
          "append": "false",
          "content": "#{_dp('{\"pill_type\":\"output\",\"provider\":\"zuora\",\"line\":\"d06d4b1e\",\"path\":[\"records\",{\"path_element_type\":\"current_item\"},\"EffectiveEndDate\"]}')}\n#{_dp('{\"pill_type\":\"output\",\"provider\":\"zuora\",\"line\":\"d06d4b1e\",\"path\":[\"records\",{\"path_element_type\":\"current_item\"},\"EffectiveStartDate\"]}')}\n#{_dp('{\"pill_type\":\"output\",\"provider\":\"zuora\",\"line\":\"d06d4b1e\",\"path\":[\"records\",{\"path_element_type\":\"current_item\"},\"Id\"]}')}\n#{_dp('{\"pill_type\":\"output\",\"provider\":\"zuora\",\"line\":\"d06d4b1e\",\"path\":[\"records\",{\"path_element_type\":\"current_item\"},\"Name\"]}')}"
        },
        "uuid": "25f27ced-151a-4406-a05d-2cb287065d07"
      },
      {
        "number": 3,
        "as": "d2ce8c97",
        "keyword": "stop",
        "input": {
          "stop_with_error": "false"
        },
        "uuid": "64a74d24-9694-4fec-a7a7-5d3f7abd7966"
      }
    ],
    "uuid": "f86ed239-24f6-482b-ae40-5750fd3d25d7",
    "unfinished": false
  },
  "config": [
    {
      "keyword": "application",
      "provider": "clock",
      "skip_validation": false,
      "account_id": null
    },
    {
      "keyword": "application",
      "provider": "ftps",
      "skip_validation": false,
      "account_id": {
        "zip_name": "eaiesb/ftp/my_ftp_ftps_account.connection.json",
        "name": "My FTP/FTPS account",
        "folder": "eaiesb/ftp"
      }
    },
    {
      "keyword": "application",
      "provider": "zuora",
      "skip_validation": false,
      "account_id": {
        "zip_name": "ZUORA/my_zuora_account.connection.json",
        "name": "My Zuora account",
        "folder": "ZUORA"
      }
    }
  ]
}